id,nombre,apellido
1,Claudio,Bracalenti
2,Santiago,Marneto
3,Cristian,Impini
4,Derick,Grimes
5,Britta,Goldner
6,Antonia,Wisozk
7,Seema,Kunze
8,Heriberto,O'Reilly
9,Marlin,Harber
10,Stanton,Luettgen
11,Kris,Collier
12,Domingo,Herzog
13,Tisha,Rutherford
14,Erminia,Hilpert
15,Margo,Brekke
16,Marlena,Dooley
17,Joyce,Blick
18,Bryce,Rath
19,George,Sporer
20,Eduardo,Klein
21,Madie,Quigley
22,Xochitl,Deckow
23,Sharmaine,Smitham
24,Chase,Macejkovic
25,Eusebia,Walter
26,Katerine,Hodkiewicz
27,Emery,McClure
28,Rufus,Kessler
29,Rich,Koepp
30,Seth,Rogahn
31,Aleen,Hayes
32,Sanford,Kuhn
33,Maxima,Keeling
34,Vaughn,Moen
35,Randa,Langosh
36,Alexia,Stoltenberg
37,Glayds,O'Kon
38,Arnold,Daugherty
39,Emanuel,Hayes
40,Christian,Schiller
41,Al,Schiller
42,Cordia,Bednar
43,Courtney,Paucek
44,Marylou,Herzog
45,Clayton,Johns
46,Kenneth,Dach
47,Jess,Kreiger
48,Tonia,Okuneva
49,Nathanial,Romaguera
50,Lon,Kertzmann
51,Emery,Buckridge
52,Kirby,Muller
53,Moshe,Morissette
